period,attendances_type1,attendances_type2,attendances_type3,total_attendances,emergency_admissions,emergency_admissions_type1,pct_within_4h_all,pct_within_4h_type1,pct_within_4h_type2,pct_within_4h_type3,attendances_over_4h,attendances_under_4h,booked_attendances,year,month,quarter,covid_period,crs_period,pct_within_4h_all_lag_1,pct_within_4h_all_lag_3,pct_within_4h_all_lag_12,total_attendances_lag_1,total_attendances_lag_12,emergency_admissions_lag_1,target_roll_mean_3,target_roll_mean_12,split
2010-11-01,1111294.5714285714,53727.42857142859,486005.42857142846,1651027.4285714284,306842.1428571428,297832.0000000001,0.9718742234272824,0.9587522248826401,0.9973304404241515,0.9990646782898956,46436.42857142858,1604590.9999999998,20475.0,2010,11,4,0,0,0.9718742234272824,0.9718742234272824,0.9718742234272824,1651027.4285714284,1651027.4285714284,306842.1428571428,0.9718742234272824,0.9718742234272824,train
2010-12-01,1159203.8571428563,45536.428571428565,533000.8571428574,1737741.1428571432,328077.8571428571,318602.42857142864,0.9482562255696805,0.9236758183911199,0.9969129896001632,0.9975582992897895,89917.28571428568,1647823.8571428575,20475.0,2010,12,4,0,0,0.9718742234272824,0.9718742234272824,0.9718742234272824,1651027.4285714284,1651027.4285714284,306842.1428571428,0.9600652244984814,0.9600652244984814,train
2011-01-01,1133880.571428571,51584.857142857145,542331.2857142857,1727796.7142857143,317561.42857142875,308367.8571428572,0.9578137375122752,0.9365166197901417,0.9968152337064587,0.9986310423333761,72889.28571428572,1654907.4285714286,20475.0,2011,1,1,0,0,0.9482562255696805,0.9718742234272824,0.9718742234272824,1737741.1428571432,1651027.4285714284,328077.8571428571,0.9593147288364127,0.9593147288364127,train
2011-02-01,1053707.1428571425,51249.285714285725,494407.57142857113,1599364.000000001,281125.14285714284,276645.85714285716,0.9706490472820088,0.9560386119754065,0.9981295906563158,0.9989389898964215,46942.857142857174,1552421.1428571437,20475.0,2011,2,1,0,0,0.9578137375122752,0.9718742234272824,0.9718742234272824,1727796.7142857143,1651027.4285714284,317561.42857142875,0.9589063367879881,0.9621483084478117,train
2011-03-01,1225221.9999999993,57900.428571428565,580318.5714285714,1863441.0,314475.99999999994,308390.1428571428,0.9682454586511114,0.9525537879199502,0.9964495698280053,0.9985611351400585,59172.7142857143,1804268.2857142857,20475.0,2011,3,1,0,0,0.9706490472820088,0.9482562255696805,0.9718742234272824,1599364.000000001,1651027.4285714284,281125.14285714284,0.9655694144817986,0.9633677384884717,train
2011-04-01,1197212.7142857148,54042.42857142857,593119.7142857146,1844374.8571428566,301585.99999999994,295579.85714285716,0.9688892651509331,0.9529780422120953,0.995289415459282,0.9986006197737002,57379.85714285712,1786994.9999999995,20475.0,2011,4,2,0,0,0.9682454586511114,0.9578137375122752,0.9718742234272824,1863441.0,1651027.4285714284,314475.99999999994,0.9692612570280179,0.9642879929322152,train
2011-05-01,1221687.4285714289,57066.99999999999,594940.7142857144,1873695.142857144,305728.57142857136,299961.0,0.9707500823811406,0.9561202935705322,0.9925701368566773,0.9986987899154418,54805.42857142857,1818889.7142857153,20475.0,2011,5,2,0,0,0.9688892651509331,0.9706490472820088,0.9718742234272824,1844374.8571428566,1651027.4285714284,301585.99999999994,0.969294935394395,0.965211148567776,train
2011-06-01,1168467.857142857,54739.428571428565,562209.9999999998,1785417.2857142866,295677.85714285716,290243.57142857136,0.9710422237426529,0.9564789055264677,0.9965394492348164,0.9988273319323995,51701.714285714275,1733715.5714285723,20475.0,2011,6,2,0,0,0.9707500823811406,0.9682454586511114,0.9718742234272824,1873695.142857144,1651027.4285714284,305728.57142857136,0.9702271904249088,0.9659400329646356,train
2011-07-01,1211065.8571428566,56203.71428571431,597689.8571428569,1864959.428571428,305165.0,299077.2857142858,0.9759322225010487,0.9638074418744008,0.9962940934254473,0.9985852672276998,44885.42857142856,1820073.9999999993,20475.0,2011,7,3,0,0,0.9710422237426529,0.9688892651509331,0.9718742234272824,1785417.2857142866,1651027.4285714284,295677.85714285716,0.9725748428749474,0.9670502762464592,train
2011-08-01,1135801.4285714286,51890.28571428572,570416.5714285715,1758108.2857142854,295952.5714285715,289883.57142857125,0.9743607536607123,0.9608779703695691,0.9977672672011276,0.9990781173458194,45076.57142857146,1713031.714285714,20475.0,2011,8,3,0,0,0.9759322225010487,0.9707500823811406,0.9718742234272824,1864959.428571428,1651027.4285714284,305165.0,0.973778399968138,0.9677813239878846,train
2011-09-01,1162142.857142857,52329.285714285696,566738.4285714285,1781210.5714285718,297294.8571428572,291050.1428571427,0.9689018078715967,0.9531277197295636,0.9965657034438514,0.9986935267945479,55392.4285714286,1725818.1428571432,20475.0,2011,9,3,0,0,0.9743607536607123,0.9710422237426529,0.9718742234272824,1758108.2857142854,1651027.4285714284,295952.5714285715,0.9730649280111191,0.9678831861591312,train
2011-10-01,1200707.8571428573,54447.28571428574,593757.2857142858,1848912.4285714284,312210.85714285704,305952.14285714296,0.9662219187233391,0.9487957996205809,0.9962139002075402,0.9987111135598697,62452.71428571427,1786459.714285714,20475.0,2011,10,4,0,0,0.9689018078715967,0.9759322225010487,0.9718742234272824,1781210.5714285718,1651027.4285714284,297294.8571428572,0.969828160085216,0.9677447472061486,train
2011-11-01,1134959.4285714277,51772.42857142857,554709.0000000001,1741440.8571428573,304188.1428571427,296725.7142857144,0.9660442920583169,0.948733346793013,0.9973096546148391,0.9985451831500841,59131.857142857145,1682309.0000000002,20475.0,2011,11,4,0,0,0.9662219187233391,0.9743607536607123,0.9718742234272824,1848912.4285714284,1651027.4285714284,312210.85714285704,0.9670560062177508,0.9672589195920681,train
2011-12-01,1141606.4285714282,47960.857142857145,542478.5714285712,1732045.8571428566,321017.28571428574,313713.5714285714,0.9579503050108951,0.9370703813986432,0.9976200830439108,0.998383346280959,72831.99999999994,1659213.8571428566,20475.0,2011,12,4,0,0,0.9660442920583169,0.9689018078715967,0.9482562255696805,1741440.8571428573,1737741.1428571432,304188.1428571427,0.9634055052641837,0.9680667595455027,train
2012-01-01,1137915.5714285711,51607.14285714283,547995.2857142857,1737518.0,315248.00000000006,307650.8571428572,0.9575563698168471,0.9357731661989988,0.9988484429065744,0.9989006683321311,73746.57142857142,1663771.4285714286,20475.0,2012,1,1,0,0,0.9579503050108951,0.9662219187233391,0.9578137375122752,1732045.8571428566,1727796.7142857143,321017.28571428574,0.9605169889620196,0.9680453122375502,train
2012-02-01,1120423.0000000002,51155.57142857144,532653.1428571428,1704231.714285714,303897.8571428574,296576.7142857143,0.9498735165288557,0.9248232905913979,0.9979111338242728,0.9979525673635912,85427.14285714283,1618804.5714285714,20475.0,2012,2,1,0,0,0.9575563698168471,0.9660442920583169,0.9706490472820088,1737518.0,1599364.000000001,315248.00000000006,0.9551267304521992,0.9663140180081208,train
2012-03-01,1263082.2857142864,58574.28571428571,611496.2857142857,1933152.8571428568,326064.5714285715,319222.57142857125,0.9653690085847916,0.9479762431494114,0.9956392371103848,0.9983952711779116,66946.99999999999,1866205.8571428568,20475.0,2012,3,1,0,0,0.9498735165288557,0.9579503050108951,0.9682454586511114,1704231.714285714,1863441.0,303897.8571428574,0.9575996316434982,0.9660743138359275,train
2012-04-01,1149633.714285714,51689.285714285725,568200.2857142856,1769523.2857142854,307705.28571428574,302599.0,0.9635150322568717,0.944792478001689,0.9965480549989636,0.9983911608632972,64561.00000000002,1704962.2857142854,20475.0,2012,4,2,0,0,0.9653690085847916,0.9575563698168471,0.9688892651509331,1933152.8571428568,1844374.8571428566,326064.5714285715,0.9595858524568396,0.9656264610947557,train
2012-05-01,1251414.285714286,56416.7142857143,621739.4285714289,1929570.4285714282,321132.71428571444,316001.14285714296,0.9681168858235139,0.9517304992066119,0.9975564485702059,0.9984274533015209,61520.71428571427,1868049.7142857139,20475.0,2012,5,2,0,0,0.9635150322568717,0.9498735165288557,0.9707500823811406,1769523.2857142854,1873695.142857144,307705.28571428574,0.9656669755550591,0.9654070280482868,train
2012-06-01,1222084.2857142854,53957.000000000015,611800.0000000001,1887841.2857142857,311005.8571428573,306004.857142857,0.9674552695826655,0.9505831372397742,0.9964627917998194,0.9985994489328912,61439.28571428572,1826402.0,20475.0,2012,6,2,0,0,0.9681168858235139,0.9653690085847916,0.9710422237426529,1929570.4285714282,1785417.2857142866,321132.71428571444,0.9663623958876837,0.9651081152016211,train
2012-07-01,1248953.285714286,55391.85714285712,620178.1428571427,1924523.2857142868,321278.7142857143,316142.9999999999,0.9706765972397023,0.955712286162367,0.9960850357066408,0.9985432756993555,56433.571428571435,1868089.7142857155,20475.0,2012,7,3,0,0,0.9674552695826655,0.9635150322568717,0.9759322225010487,1887841.2857142857,1864959.428571428,311005.8571428573,0.9687495842152939,0.9646701464298424,train
2012-08-01,1197383.8571428573,52904.857142857145,594853.5714285711,1845142.2857142854,310680.2857142857,305791.00000000006,0.9704049923830884,0.9551197748138293,0.9978883926401573,0.998728378532532,54606.99999999998,1790535.2857142854,20475.0,2012,8,3,0,0,0.9706765972397023,0.9681168858235139,0.9743607536607123,1924523.2857142868,1758108.2857142854,321278.7142857143,0.9695122864018187,0.964340499656707,train
2012-09-01,1178360.714285714,51526.14285714288,558603.9999999997,1788490.8571428568,308242.0000000001,303416.71428571444,0.9669497092361029,0.9505464310285778,0.9975851370871375,0.9987261612366338,59110.14285714287,1729380.7142857139,20475.0,2012,9,3,0,0,0.9704049923830884,0.9674552695826655,0.9689018078715967,1845142.2857142854,1781210.5714285718,310680.2857142857,0.9693437662862978,0.9641778247704158,train
2012-10-01,1214433.4285714284,53422.99999999999,564447.8571428569,1832304.2857142864,323010.5714285715,317919.0,0.9624143057960586,0.9440275147705561,0.9963766275092857,0.9987598500177797,68868.42857142854,1763435.8571428577,20475.0,2012,10,4,0,0,0.9669497092361029,0.9706765972397023,0.9662219187233391,1788490.8571428568,1848912.4285714284,308242.0000000001,0.9665896691384166,0.9638605236931425,train
2012-11-01,1167908.0000000002,51804.71428571426,535892.4285714286,1755605.142857143,314490.2857142858,309440.8571428572,0.9601195713061415,0.940847958180659,0.9958029192048159,0.998670042255282,70014.28571428572,1685590.8571428573,20475.0,2012,11,4,0,0,0.9624143057960586,0.9704049923830884,0.9660442920583169,1832304.2857142864,1741440.8571428573,323010.5714285715,0.963161195446101,0.9633667969637946,train
2012-12-01,1202080.2857142861,47553.428571428565,572791.8571428573,1822425.5714285711,330540.9999999998,326829.2857142857,0.9466718570282197,0.9202034520632209,0.9970980010454407,0.9980329429064609,97186.57142857139,1725238.9999999998,20475.0,2012,12,4,0,0,0.9601195713061415,0.9669497092361029,0.9579503050108951,1755605.142857143,1732045.8571428566,314490.2857142858,0.9564019113768065,0.9624269262985715,train
2013-01-01,1149837.1428571434,49518.42857142858,533762.8571428573,1733118.4285714284,319548.2857142859,316170.57142857154,0.945438564951748,0.918652206647898,0.997328555891169,0.9983280429511233,94561.42857142857,1638556.9999999998,20475.0,2013,1,1,0,0,0.9466718570282197,0.9624143057960586,0.9575563698168471,1822425.5714285711,1737518.0,330540.9999999998,0.9507433310953698,0.9614171092264799,train
2013-02-01,1085332.7142857139,48970.42857142856,514445.2857142857,1648748.4285714282,293895.85714285716,290544.1428571428,0.9429189535023059,0.9143979416976676,0.994649832406146,0.9981658468747336,94112.28571428572,1554636.1428571425,20475.0,2013,2,1,0,0,0.945438564951748,0.9601195713061415,0.9498735165288557,1733118.4285714284,1704231.714285714,319548.2857142859,0.9450097918274246,0.960837562307601,train
2013-03-01,1226196.4285714282,54219.000000000015,584668.7142857143,1865084.142857143,330449.99999999994,326673.14285714267,0.935126251293603,0.9025191139848835,0.9939003986478119,0.9980611731038896,120995.00000000003,1744089.142857143,20475.0,2013,3,1,0,0,0.9429189535023059,0.9466718570282197,0.9653690085847916,1648748.4285714282,1933152.8571428568,293895.85714285716,0.9411612565825523,0.9583173325333352,train
2013-04-01,1199089.1428571427,54306.00000000003,578025.2857142854,1831420.4285714282,312663.5714285715,309033.1428571429,0.9344106288148083,0.9009872255416731,0.9939469987530976,0.9981525771116785,120121.71428571429,1711298.7142857139,20475.0,2013,4,2,0,0,0.935126251293603,0.945438564951748,0.9635150322568717,1865084.142857143,1769523.2857142854,330449.99999999994,0.937485277870239,0.9558919655798298,train
2013-05-01,1229747.4285714282,54728.57142857142,607194.2857142859,1891670.2857142868,319764.2857142856,316071.57142857136,0.9657322493228206,0.9483190044134499,0.9946202036021926,0.9983954300341619,64823.28571428571,1826847.0000000012,20475.0,2013,5,2,0,0,0.9344106288148083,0.9429189535023059,0.9681168858235139,1831420.4285714282,1929570.4285714282,312663.5714285715,0.9450897098104106,0.9556932458714386,train
2013-06-01,1191352.4285714286,54589.428571428565,585094.4285714285,1831036.285714285,307589.1428571428,304051.28571428574,0.9692305387721895,0.9536045888784019,0.9964671338773075,0.9985064681866981,56339.99999999998,1774696.285714285,20475.0,2013,6,2,0,0,0.9657322493228206,0.935126251293603,0.9674552695826655,1891670.2857142868,1887841.2857142857,319764.2857142856,0.9564578056366061,0.9558411849705658,train
2013-07-01,1281699.8571428573,55536.000000000015,639053.0,1976288.857142857,322469.7142857144,318789.85714285733,0.9668121823140081,0.9498498589874897,0.9948990616125447,0.9983913697298972,65588.71428571429,1910700.1428571427,20475.0,2013,7,3,0,0,0.9692305387721895,0.9344106288148083,0.9706765972397023,1831036.285714285,1924523.2857142868,307589.1428571428,0.9672583234696727,0.9555191503934246,train
2013-08-01,1189671.428571429,53239.14285714286,597680.5714285715,1840591.1428571427,313448.2857142857,309887.42857142846,0.9628401217062407,0.9433800449103594,0.9965519462049942,0.9985720991910634,68396.14285714286,1772194.9999999998,20475.0,2013,8,3,0,0,0.9668121823140081,0.9657322493228206,0.9704049923830884,1976288.857142857,1845142.2857142854,322469.7142857144,0.9662942809308127,0.9548887445036872,train
2013-09-01,1156569.1428571425,52311.57142857146,559868.0000000001,1768748.7142857143,311081.14285714296,307638.0000000001,0.9578551132313796,0.9363619048654246,0.9973701530117619,0.9985634368917571,74543.7142857143,1694205.0,20475.0,2013,9,3,0,0,0.9628401217062407,0.9692305387721895,0.9669497092361029,1840591.1428571427,1788490.8571428568,313448.2857142857,0.9625024724172094,0.9541308615032936,train
2013-10-01,1199258.5714285714,52705.285714285696,577465.4285714286,1829429.2857142847,325621.42857142846,322015.00000000006,0.9566804791970642,0.9348361666315259,0.9976147689171864,0.9983098555312402,79249.99999999997,1750179.2857142847,20475.0,2013,10,4,0,0,0.9578551132313796,0.9668121823140081,0.9624143057960586,1768748.7142857143,1832304.2857142864,311081.14285714296,0.9591252380448948,0.9536530426200441,train
2013-11-01,1139112.1428571423,50630.571428571435,543293.8571428569,1733036.571428572,318926.5714285715,315374.2857142857,0.959157732719514,0.9387722392815958,0.9974916340776606,0.9983271352493533,70781.14285714284,1662255.428571429,20475.0,2013,11,4,0,0,0.9566804791970642,0.9628401217062407,0.9601195713061415,1829429.2857142847,1755605.142857143,325621.42857142846,0.9578977750493193,0.9535728894044918,train
2013-12-01,1172011.1428571427,47808.57142857141,562209.4285714288,1782029.1428571427,337469.71428571426,333323.71428571414,0.9528350666703863,0.929126831802428,0.9982011593856451,0.9984006976556271,84049.28571428568,1697979.857142857,20475.0,2013,12,4,0,0,0.959157732719514,0.9578551132313796,0.9466718570282197,1733036.571428572,1822425.5714285711,318926.5714285715,0.9562244261956548,0.9540864902080056,train
2014-01-01,1142283.5714285716,51059.57142857143,546195.7142857143,1739538.8571428573,332562.57142857154,328886.7142857143,0.9517138039539543,0.9273085179624524,0.9965698329961922,0.9985604322887923,83995.71428571429,1655543.142857143,20475.0,2014,1,1,0,0,0.9528350666703863,0.9566804791970642,0.945438564951748,1782029.1428571427,1733118.4285714284,337469.71428571426,0.9545688677812848,0.9546094267915229,train
2014-02-01,1084743.7142857143,47704.7142857143,529366.0,1661814.4285714277,305984.2857142856,302574.57142857136,0.9463831314842529,0.9189449094361459,0.9965322385029333,0.998088549051399,89101.28571428571,1572713.142857142,20475.0,2014,2,1,0,0,0.9517138039539543,0.959157732719514,0.9429189535023059,1739538.8571428573,1648748.4285714282,332562.57142857154,0.9503106673695312,0.9548981082900184,train
2014-03-01,1269436.142857143,55798.14285714286,632106.5714285715,1957340.8571428587,339991.7142857144,336284.4285714285,0.9561503485851723,0.9336849555139948,0.9962261928840438,0.997729135186517,85828.71428571429,1871512.1428571444,20475.0,2014,3,1,0,0,0.9463831314842529,0.9528350666703863,0.935126251293603,1661814.4285714277,1865084.142857143,305984.2857142856,0.9514157613411265,0.9566501163976492,train
2014-04-01,1213065.8571428573,52033.71428571427,612576.2857142857,1877675.8571428566,330070.7142857141,326337.1428571428,0.9526238021761096,0.9279215908781775,0.9974824015198936,0.9977304284434312,88957.14285714283,1788718.7142857139,20475.0,2014,4,2,0,0,0.9561503485851723,0.9517138039539543,0.9344106288148083,1957340.8571428587,1831420.4285714282,339991.7142857144,0.9517190940818449,0.9581678808444244,train
2014-05-01,1287333.1428571427,54445.71428571429,636249.5714285718,1978028.4285714282,343160.7142857142,339252.85714285716,0.9483375906990792,0.9218873525023826,0.995875314861461,0.997786807378147,102189.71428571426,1875838.7142857139,20475.0,2014,5,2,0,0,0.9526238021761096,0.9463831314842529,0.9657322493228206,1877675.8571428566,1891670.2857142868,330070.7142857141,0.9523705804867871,0.9567183259591127,train
2014-06-01,1265211.142857143,54997.14285714282,622059.7142857142,1942267.999999999,330863.85714285704,327064.71428571426,0.9521880017146376,0.9282507109485283,0.9945581588653956,0.9971282040447197,92863.71428571428,1849404.2857142847,20475.0,2014,6,2,0,0,0.9483375906990792,0.9561503485851723,0.9692305387721895,1978028.4285714282,1831036.285714285,343160.7142857142,0.9510497981966087,0.9552981145376499,train
2014-07-01,1302588.4285714282,55792.57142857146,635249.857142857,1993630.8571428566,338664.71428571444,334822.857142857,0.95171021773912,0.927437884940962,0.994410418181632,0.9977307016879072,96272.0,1897358.8571428566,20475.0,2014,7,3,0,0,0.9521880017146376,0.9526238021761096,0.9668121823140081,1942267.999999999,1976288.857142857,330863.85714285704,0.9507452700509456,0.9540396174897424,train
2014-08-01,1188146.7142857146,53051.28571428572,576112.0000000001,1817309.9999999995,325276.5714285716,321638.4285714287,0.95109270609543,0.9265045069590372,0.995683422241012,0.997696132498046,88879.71428571426,1728430.2857142852,20475.0,2014,8,3,0,0,0.95171021773912,0.9483375906990792,0.9628401217062407,1993630.8571428566,1840591.1428571427,338664.71428571444,0.9516636418497292,0.9530606661888417,train
2014-09-01,1221781.5714285716,52195.285714285725,579308.8571428573,1853285.7142857146,327391.5714285715,323732.57142857154,0.946122870577353,0.9197378161235508,0.9946902703309275,0.9973939388857954,99849.71428571433,1753436.0000000002,20475.0,2014,9,3,0,0,0.95109270609543,0.9521880017146376,0.9578551132313796,1817309.9999999995,1768748.7142857143,325276.5714285716,0.9496419314706342,0.952082979301006,train
2014-10-01,1250114.1428571434,54428.2857142857,587831.5714285716,1892374.0000000002,343988.14285714284,339832.57142857136,0.9371275747515327,0.906293471030474,0.9966718985401498,0.9971877269995463,118978.1428571429,1773395.8571428573,20475.0,2014,10,4,0,0,0.946122870577353,0.95171021773912,0.9566804791970642,1853285.7142857146,1829429.2857142847,327391.5714285715,0.9447810504747719,0.9504535705972117,train
2014-11-01,1205519.2857142857,52329.428571428565,572611.5714285714,1830460.2857142866,337078.2857142857,331923.85714285704,0.9345895981510349,0.9023953518548913,0.9944445354430449,0.9968981715603272,119731.14285714291,1710729.1428571437,20475.0,2014,11,4,0,0,0.9371275747515327,0.95109270609543,0.959157732719514,1892374.0000000002,1733036.571428572,343988.14285714284,0.9392800144933068,0.9484062260498386,train
2014-12-01,1241894.7142857136,47659.57142857144,611672.7142857146,1901226.9999999993,359010.42857142864,353471.85714285716,0.8989310587320714,0.8477827025364353,0.9964899870210451,0.9951773929522068,192155.00000000006,1709071.9999999993,20475.0,2014,12,4,0,0,0.9345895981510349,0.946122870577353,0.9528350666703863,1830460.2857142866,1782029.1428571427,337078.2857142857,0.9235494105448797,0.9439142253883123,train
2015-01-01,1124040.428571428,50900.42857142858,557126.1428571428,1732066.9999999995,338458.5714285715,333668.8571428572,0.9115759213867428,0.8654843756890798,0.9968004759993601,0.9967824675765914,153156.42857142855,1578910.571428571,20475.0,2015,1,1,0,0,0.8989310587320714,0.9371275747515327,0.9517138039539543,1901226.9999999993,1739538.8571428573,359010.42857142864,0.9150321927566164,0.9405694018410448,train
2015-02-01,1072451.571428571,48156.857142857145,534237.9999999998,1654846.4285714282,310853.0,306651.2857142857,0.9197098565468957,0.8776183166978835,0.9959358999460097,0.9973350561253331,132867.85714285716,1521978.571428571,20475.0,2015,2,1,0,0,0.9115759213867428,0.9345895981510349,0.9463831314842529,1732066.9999999995,1661814.4285714277,338458.5714285715,0.91007227888857,0.9383466289295982,train
2015-03-01,1251324.8571428568,56383.00000000002,635259.1428571428,1942967.0000000005,346644.7142857144,340682.2857142857,0.9273307266669994,0.8891901315108991,0.993584692447825,0.9965791238401246,141194.0000000001,1801773.0000000005,20475.0,2015,3,1,0,0,0.9197098565468957,0.8989310587320714,0.9561503485851723,1654846.4285714282,1957340.8571428587,310853.0,0.9195388348668794,0.9359449937697505,train
2015-04-01,1206631.285714286,52365.71428571426,614170.7142857141,1873167.7142857148,332366.8571428571,326807.42857142875,0.9328414189744585,0.8979896687578487,0.9900316455696202,0.9964367747915598,125799.28571428564,1747368.428571429,20475.0,2015,4,2,0,0,0.9273307266669994,0.9115759213867428,0.9526238021761096,1942967.0000000005,1877675.8571428566,346644.7142857144,0.9266273340627845,0.9342964618362796,train
2015-05-01,1254445.1428571427,54809.42857142856,628214.2857142863,1937468.8571428577,345372.42857142864,339572.2857142856,0.943078089660722,0.9142364136859145,0.9910338679997707,0.9964864127345082,110284.428571429,1827184.4285714286,20475.0,2015,5,2,0,0,0.9328414189744585,0.9197098565468957,0.9483375906990792,1873167.7142857148,1978028.4285714282,332366.8571428571,0.9344167451007266,0.9338581700830831,train
2015-06-01,1249213.0,53398.00000000001,608598.0000000001,1911209.0,333981.0,328757.0,0.9480308014455772,0.9226208821073748,0.9955241769354658,0.996020361552289,99323.9999999999,1811885.0,20475.0,2015,6,2,0,0,0.943078089660722,0.9273307266669994,0.9521880017146376,1937468.8571428577,1942267.999999999,345372.42857142864,0.9413167700269192,0.9335117367273281,train
2015-07-01,1271523.0,53417.0,627955.0,1952895.0,344041.0,338445.0,0.9500869222359625,0.9251582551003796,0.9914259505400902,0.9970475591403842,97475.0,1855420.0,20475.0,2015,7,3,0,0,0.9480308014455772,0.9328414189744585,0.95171021773912,1911209.0,1993630.8571428566,333981.0,0.9470652711140871,0.933376462102065,train
2015-08-01,1215826.0,49458.0,599855.0,1865139.0,337129.0,331841.0,0.9429131019189454,0.9141357398180332,0.9952282744955315,0.9969275908344517,106475.0,1758664.0,20475.0,2015,8,3,0,0,0.9500869222359625,0.943078089660722,0.95109270609543,1952895.0,1817309.9999999995,344041.0,0.9470102752001618,0.9326948284206913,train
2015-09-01,1221594.0,50868.0,587517.0,1859979.0,338081.0,332984.0,0.93381054302226,0.9015794118176743,0.991428796099709,0.995838418292577,123111.0,1736868.0,20475.0,2015,9,3,0,0,0.9429131019189454,0.9480308014455772,0.946122870577353,1865139.0,1853285.7142857146,337129.0,0.942270189059056,0.9316688011244336,train
2015-10-01,1261395.0,50275.0,611438.0,1923108.0,351182.0,345833.0,0.9232731599057359,0.885719382112661,0.9894778717056191,0.9953028761706011,147554.0,1775554.0,20475.0,2015,10,4,0,0,0.93381054302226,0.9500869222359625,0.9371275747515327,1859979.0,1892374.0000000002,338081.0,0.9333322682823137,0.9305142665539505,train
2015-11-01,1236294.0,48306.0,589635.0,1874235.0,344908.0,340241.0,0.9127793473070346,0.8701821734959484,0.990166852978926,0.995753305010727,163472.0,1710763.0,20475.0,2015,11,4,0,0,0.9232731599057359,0.9429131019189454,0.9345895981510349,1923108.0,1830460.2857142866,351182.0,0.9232876834116768,0.9286967456502838,train
2015-12-01,1232965.0,46148.0,588539.0,1867652.0,358131.0,353112.0,0.9097240813599108,0.8655785038504743,0.9926107306925543,0.9957080159513643,168604.0,1699048.0,20475.0,2015,12,4,0,0,0.9127793473070346,0.93381054302226,0.8989310587320714,1874235.0,1901226.9999999993,344908.0,0.9152588628575605,0.9295961642026037,train
2016-01-01,1250005.0,47208.42857143,609707.0,1906920.42857143,358968.0,353778.0,0.8865783822128169,0.8302926788292847,0.9907855437437022,0.9939052692522802,216286.0,1690634.42857143,20475.0,2016,1,1,0,0,0.9097240813599108,0.9232731599057359,0.9115759213867428,1867652.0,1732066.9999999995,358131.0,0.9030272702932541,0.92751303593811,train
2016-02-01,1218372.0,48387.0,604017.0,1870776.0,338350.0,333519.0,0.8775476059132681,0.8160578214207155,0.9864426395519458,0.9928561613332075,229081.0,1641695.0,20475.0,2016,2,1,0,0,0.8865783822128169,0.9127793473070346,0.9197098565468957,1906920.42857143,1654846.4285714282,358968.0,0.891283356495332,0.9239995150519743,train
2016-03-01,1350373.0,49906.0,687274.0,2087553.0,363315.0,357724.0,0.872657604381781,0.8084388535612013,0.988979281048371,0.9903895680616465,265834.0,1821719.0,20475.0,2016,3,1,0,0,0.8775476059132681,0.9097240813599108,0.9273307266669994,1870776.0,1942967.0000000005,338350.0,0.8789278641692887,0.919443421528206,train
2016-04-01,1214057.0,50359.0,603365.0,1867781.0,338213.0,333458.0,0.9003512724457525,0.8497599371363947,0.9863182350721817,0.9949731920147837,186122.0,1681659.0,20475.0,2016,4,2,0,0,0.872657604381781,0.8865783822128169,0.9328414189744585,2087553.0,1873167.7142857148,363315.0,0.8835188275802671,0.9167359093174806,train
2016-05-01,1353206.0,52180.0,664954.0,2070340.0,364380.0,359307.0,0.9027555860390081,0.854345162525144,0.9885779992334228,0.9945379680398945,201329.0,1869011.0,20475.0,2016,5,2,0,0,0.9003512724457525,0.8775476059132681,0.943078089660722,1867781.0,1937468.8571428577,338213.0,0.8919214876221805,0.9133757006823376,train
2016-06-01,1282499.0,52180.0,624123.0,1958802.0,350960.0,346030.0,0.9055994429248081,0.8584521313466911,0.9923917209658873,0.9952253001411581,184912.0,1773890.0,20475.0,2016,6,2,0,0,0.9027555860390081,0.872657604381781,0.9480308014455772,2070340.0,1911209.0,364380.0,0.9029021004698562,0.9098397541389404,train
2016-07-01,1353477.0,52961.0,672596.0,2079034.0,361779.0,356986.0,0.9028524786030435,0.8537078945560213,0.9895394724419856,0.9949211711041992,201973.0,1877061.0,20475.0,2016,7,3,0,0,0.9055994429248081,0.9003512724457525,0.9500869222359625,1958802.0,1952895.0,350960.0,0.9037358358556199,0.9059035505028638,train
2016-08-01,1254439.0,52404.0,626058.0,1932901.0,347685.0,342617.0,0.909763097023593,0.863578858756783,0.9895046179680941,0.9956282005820547,174419.0,1758482.0,20475.0,2016,8,3,0,0,0.9028524786030435,0.9027555860390081,0.9429131019189454,2079034.0,1865139.0,361779.0,0.9060716728504815,0.9031410500949177,train
2016-09-01,1277578.0,52521.0,622365.0,1952464.0,350152.0,345085.0,0.9064786853944554,0.860017940196215,0.992250718760115,0.9946140930161561,182597.0,1769867.0,20475.0,2016,9,3,0,0,0.909763097023593,0.9055994429248081,0.93381054302226,1932901.0,1859979.0,347685.0,0.9063647536736973,0.9008633952926007,train
2016-10-01,1317571.0,51020.0,633225.0,2001816.0,363309.0,357874.0,0.8905308979446662,0.8371214909860645,0.9891023128185026,0.9937194520115283,219137.0,1782679.0,20475.0,2016,10,4,0,0,0.9064786853944554,0.9028524786030435,0.9232731599057359,1952464.0,1923108.0,350152.0,0.9022575601209049,0.8981348734625115,train
2016-11-01,1258205.0,49979.0,599687.0,1907871.0,356546.0,351285.0,0.8837903610883545,0.8266371537229624,0.9936173192740951,0.9945504905058805,221713.0,1686158.0,20475.0,2016,11,4,0,0,0.8905308979446662,0.909763097023593,0.9127793473070346,2001816.0,1874235.0,363309.0,0.8935999814758254,0.8957191246109547,train
2016-12-01,1277133.0,45569.0,621865.0,1944567.0,370548.0,366086.0,0.8617594559611471,0.7933050042556257,0.993877416664838,0.9926640026372283,268818.0,1675749.0,20475.0,2016,12,4,0,0,0.8837903610883545,0.9064786853944554,0.9097240813599108,1907871.0,1867652.0,356546.0,0.8786935716647225,0.8917220724943912,train
2017-01-01,1237177.0,48039.0,610056.0,1895272.0,362940.0,358045.0,0.851413411900772,0.7760781197839921,0.9915485334832116,0.9931563659729599,281612.0,1613660.0,20475.0,2017,1,1,0,0,0.8617594559611471,0.8905308979446662,0.8865783822128169,1944567.0,1906920.42857143,370548.0,0.8656544096500912,0.8887916583017207,train
2017-02-01,1127909.0,45733.0,561977.0,1735619.0,326661.0,322294.0,0.8753090395991286,0.8115929565239749,0.992587409529224,0.9936456474197343,216416.0,1519203.0,20475.0,2017,2,1,0,0,0.851413411900772,0.8837903610883545,0.8775476059132681,1895272.0,1870776.0,362940.0,0.8628273024870158,0.8886051111088759,train
2017-03-01,1309507.0,53355.0,652972.0,2015834.0,370103.0,365117.0,0.9000949482943537,0.8506109551151693,0.9871802080404836,0.992217124164589,201392.0,1814442.0,20475.0,2017,3,1,0,0,0.8753090395991286,0.8617594559611471,0.872657604381781,1735619.0,2087553.0,326661.0,0.8756057999314182,0.8908915564349237,train
2017-04-01,1253743.0,47550.0,648469.0,1949762.0,352565.0,347805.0,0.9051525263083392,0.8569268183351771,0.9845005257623554,0.9925732764403541,184930.0,1764832.0,20475.0,2017,4,2,0,0,0.9000949482943537,0.851413411900772,0.9003512724457525,2015834.0,1867781.0,370103.0,0.8935188380672737,0.8912916609234723,train
2017-05-01,1347297.0,51037.0,668455.0,2066789.0,374470.0,369644.0,0.8970035160821932,0.8461935267428042,0.9892822854007877,0.9923674742503235,212872.0,1853917.0,20475.0,2017,5,2,0,0,0.9051525263083392,0.8753090395991286,0.9027555860390081,1949762.0,2070340.0,352565.0,0.9007503302282953,0.8908123217604046,train
2017-06-01,1296877.0,50612.0,646567.0,1994056.0,361193.0,356052.0,0.9072518525056468,0.8610053227869721,0.991622540109065,0.9934082624074535,184945.0,1809111.0,20475.0,2017,6,2,0,0,0.8970035160821932,0.9000949482943537,0.9055994429248081,2066789.0,1958802.0,374470.0,0.9031359649653931,0.8909500225588078,train
2017-07-01,1348648.0,50369.0,674927.0,2073944.0,370507.0,365685.0,0.9034781074127363,0.8553744194185584,0.9895372153507117,0.9931770398872767,200181.0,1873763.0,20475.0,2017,7,3,0,0,0.9072518525056468,0.9051525263083392,0.9028524786030435,1994056.0,2079034.0,361193.0,0.9025778253335254,0.8910021582929488,train
2017-08-01,1256655.0,47912.0,620096.0,1924663.0,360985.0,356405.0,0.9029923680145563,0.8543808762150311,0.9894807146435131,0.9948233821859841,186707.0,1737956.0,20475.0,2017,8,3,0,0,0.9034781074127363,0.8970035160821932,0.909763097023593,2073944.0,1932901.0,370507.0,0.9045741093109797,0.890437930875529,train
2017-09-01,1263957.0,47250.0,614754.0,1925961.0,360998.0,356160.0,0.8966609396555797,0.8457107322480116,0.9917460317460317,0.9941082123906473,199027.0,1726934.0,20475.0,2017,9,3,0,0,0.9029923680145563,0.9072518525056468,0.9064786853944554,1924663.0,1952464.0,360985.0,0.9010438050276242,0.8896197853972895,train
2017-10-01,1325211.0,50198.0,668728.0,2044137.0,378811.0,373673.0,0.8994186788850258,0.8482369977309274,0.9931869795609387,0.9938061513799332,205602.0,1838535.0,20475.0,2017,10,4,0,0,0.8966609396555797,0.9034781074127363,0.8905308979446662,1925961.0,2001816.0,360998.0,0.899690662185054,0.890360433808986,train
2017-11-01,1281913.0,48223.0,646835.0,1976971.0,377670.0,372551.0,0.8876655246839736,0.8303964465607261,0.990730564253572,0.9934790170599921,222082.0,1754889.0,20475.0,2017,11,4,0,0,0.8994186788850258,0.9029923680145563,0.8837903610883545,2044137.0,1907871.0,378811.0,0.894581714408193,0.8906833641086211,train
2017-12-01,1289587.0,42158.0,672209.0,2003954.0,393536.0,387919.0,0.8498503458662225,0.7729040382696165,0.9923857868020305,0.9885273776459405,300893.0,1703061.0,20475.0,2017,12,4,0,0,0.8876655246839736,0.8966609396555797,0.8617594559611471,1976971.0,1944567.0,377670.0,0.8789781831450739,0.8896909382673774,train
2018-01-01,1257026.0,49987.0,693073.0,2000086.0,389727.0,383879.0,0.8529918213516818,0.7716507057133265,0.990157440934643,0.9906272499433681,294029.0,1706057.0,20475.0,2018,1,1,0,0,0.8498503458662225,0.8994186788850258,0.851413411900772,2003954.0,1895272.0,393536.0,0.8635025639672925,0.8898224723882865,train
2018-02-01,1151757.0,41902.0,626353.0,1820012.0,352702.0,347470.0,0.8504476893558943,0.7690832354394199,0.9863968307002052,0.9909683517122134,272187.0,1547825.0,20475.0,2018,2,1,0,0,0.8529918213516818,0.8876655246839736,0.8753090395991286,2000086.0,1735619.0,389727.0,0.851096618857933,0.8877506932013502,train
2018-03-01,1299796.0,46655.0,703334.0,2049785.0,391002.0,385196.0,0.8462121637147311,0.7640391261397943,0.9795948987246812,0.9892241808301604,315232.0,1734553.0,20475.0,2018,3,1,0,0,0.8504476893558943,0.8498503458662225,0.9000949482943537,1820012.0,2015834.0,352702.0,0.8498838914741024,0.8832604611530485,train
2018-04-01,1246348.0,47256.0,690765.0,1984369.0,375850.0,370142.0,0.8857248828216929,0.8226931803958445,0.9767436939224649,0.9932263504954651,226764.0,1757605.0,20475.0,2018,4,2,0,0,0.8462121637147311,0.8529918213516818,0.9051525263083392,2049785.0,1949762.0,391002.0,0.8607949119641062,0.8816414908624947,train
2018-05-01,1354711.0,49219.0,760528.0,2164458.0,398703.0,392433.0,0.9039011151983545,0.8512952208995129,0.9856153111603243,0.9923184945195969,208002.0,1956456.0,20475.0,2018,5,2,0,0,0.8857248828216929,0.8504476893558943,0.8970035160821932,1984369.0,2066789.0,375850.0,0.8786127205782596,0.8822162907888412,train
2018-06-01,1306739.0,49635.0,737568.0,2093942.0,382934.0,376782.0,0.9076297242234981,0.8562849964683078,0.9831973405862798,0.9935111067725281,193418.0,1900524.0,20475.0,2018,6,2,0,0,0.9039011151983545,0.8462121637147311,0.9072518525056468,2164458.0,1994056.0,398703.0,0.8990852407478486,0.8822477800986622,train
2018-07-01,1365859.0,49846.0,764191.0,2179896.0,396725.0,390294.0,0.8931949047110505,0.8345422184866813,0.9827869839104442,0.9921825826265946,232824.0,1947072.0,20475.0,2018,7,3,0,0,0.9076297242234981,0.8857248828216929,0.9034781074127363,2093942.0,2073944.0,382934.0,0.901575248044301,0.8813908465401884,train
2018-08-01,1252767.0,49117.0,695970.0,1997854.0,389074.0,382863.0,0.8972702710007838,0.8397076232052728,0.9892501577865097,0.9943934364986997,205239.0,1792615.0,20475.0,2018,8,3,0,0,0.8931949047110505,0.9039011151983545,0.9029923680145563,2179896.0,1924663.0,396725.0,0.8993649666451108,0.8809140051223742,train
2018-09-01,1269088.0,47622.0,688985.0,2005695.0,385975.0,379951.0,0.8894368286304747,0.8296335636299453,0.9869388097937928,0.9928532551506927,221756.0,1783939.0,20475.0,2018,9,3,0,0,0.8972702710007838,0.9076297242234981,0.8966609396555797,1997854.0,1925961.0,389074.0,0.893300668114103,0.880311995870282,train
2018-10-01,1320032.0,51282.0,708178.0,2079492.0,405094.0,398478.0,0.8900933497219513,0.8311669717097767,0.9864474864474865,0.9929537489162329,228550.0,1850942.0,20475.0,2018,10,4,0,0,0.8894368286304747,0.8931949047110505,0.8994186788850258,2005695.0,2044137.0,385975.0,0.89226681645107,0.8795348851066924,train
2018-11-01,1305353.0,48465.0,684029.0,2037847.0,403516.0,397128.0,0.8760446687116353,0.8116003870217482,0.9860311565046941,0.9912328278479421,252602.0,1785245.0,20475.0,2018,11,4,0,0,0.8900933497219513,0.8972702710007838,0.8876655246839736,2079492.0,1976971.0,405094.0,0.8851916156880204,0.8785664804423309,train
2018-12-01,1307359.0,43072.0,697087.0,2047518.0,413632.0,407286.0,0.8644632183941728,0.7934469415057379,0.9906203566121843,0.98985635939273,277514.0,1770004.0,20475.0,2018,12,4,0,0,0.8760446687116353,0.8894368286304747,0.8498503458662225,2037847.0,2003954.0,403516.0,0.8768670789425865,0.87978421981966,train
2019-01-01,1344354.0,47616.0,721443.0,2113413.0,421473.0,414698.0,0.843525141560121,0.7606448896644783,0.9867061491935484,0.9885160712627331,330696.0,1782717.0,20475.0,2019,1,1,0,0,0.8644632183941728,0.8900933497219513,0.8529918213516818,2047518.0,2000086.0,413632.0,0.861344342888643,0.87899532983703,train
2019-02-01,1234328.0,44183.0,676436.0,1954947.0,377502.0,370476.0,0.8422525009629417,0.7575782125982721,0.9849263291311138,0.9874430101295614,308388.0,1646559.0,20475.0,2019,2,1,0,0,0.843525141560121,0.8760446687116353,0.8504476893558943,2113413.0,1820012.0,421473.0,0.8500802869724119,0.8783123974709506,train
2019-03-01,1373061.0,50490.0,744000.0,2167551.0,415964.0,409617.0,0.8660931161481321,0.7949421038103915,0.9844127550009903,0.9893736559139785,290250.0,1877301.0,20475.0,2019,3,1,0,0,0.8422525009629417,0.8644632183941728,0.8462121637147311,1954947.0,2049785.0,377502.0,0.8506235862237316,0.8799691435070672,train
2019-04-01,1330825.0,49281.0,732059.0,2112165.0,405439.0,398802.0,0.8512516777808552,0.7714042041590743,0.983766563178507,0.9874873473312943,314181.0,1797984.0,20475.0,2019,4,2,0,0,0.8660931161481321,0.843525141560121,0.8857248828216929,2167551.0,1984369.0,415964.0,0.8531990982973096,0.8770963764203309,train
2019-05-01,1369332.0,50642.0,752032.0,2172006.0,412841.0,406065.0,0.8663106936105853,0.7908133008359418,0.9852802285135104,0.9897035502535896,261465.0,1694301.0,20475.0,2019,5,2,0,1,0.8512516777808552,0.8422525009629417,0.9039011151983545,2112165.0,2164458.0,405439.0,0.8612184958465242,0.8739638412880169,train
2019-06-01,1334137.0,49233.0,724617.0,2107987.0,398670.0,392446.0,0.8636920723462779,0.7879605729335543,0.9813732738677288,0.9891140311176073,258582.0,1638461.0,20475.0,2019,6,2,0,1,0.8663106936105853,0.8660931161481321,0.9076297242234981,2172006.0,2093942.0,412841.0,0.8604181479125729,0.8703023702982485,train
2019-07-01,1415918.0,52418.0,796714.0,2265050.0,415693.0,408752.0,0.8649112458819785,0.7892795458874745,0.9832148764024854,0.9859749061615831,275515.0,1763996.0,20475.0,2019,7,3,0,1,0.8636920723462779,0.8512516777808552,0.8931949047110505,2107987.0,2179896.0,398670.0,0.8649713372796138,0.8679453987291591,train
2019-08-01,1324070.0,48786.0,752579.0,2125435.0,399953.0,393710.0,0.8629276500280426,0.7833338446539723,0.9843130700539612,0.9888367875610733,262730.0,1653995.0,20475.0,2019,8,3,0,1,0.8649112458819785,0.8663106936105853,0.8972702710007838,2265050.0,1997854.0,415693.0,0.8638436560854329,0.8650835136480973,train
2019-09-01,1342510.0,48217.0,732618.0,2123345.0,399724.0,391228.0,0.852436214064934,0.7700109003559438,0.980136969608345,0.9883702867861487,282197.0,1630176.0,20475.0,2019,9,3,0,1,0.8629276500280426,0.8636920723462779,0.8894368286304747,2125435.0,2005695.0,399953.0,0.8600917033249851,0.862000129100969,train
2019-10-01,1376347.0,50391.0,744147.0,2170885.0,421106.0,412649.0,0.836351977352883,0.7446165021242127,0.9793905559432426,0.9889785850269834,320025.0,1635544.0,20475.0,2019,10,4,0,1,0.852436214064934,0.8649112458819785,0.8900933497219513,2123345.0,2079492.0,399724.0,0.85057194714862,0.8575216814035467,train
2019-11-01,1366383.0,47179.0,729943.0,2143505.0,416459.0,408116.0,0.8144121221229261,0.7132654779871929,0.9790723562152134,0.9852698704845841,358128.0,1571567.0,20475.0,2019,11,4,0,1,0.836351977352883,0.8629276500280426,0.8760446687116353,2170885.0,2037847.0,421106.0,0.834400104513581,0.8523856358544876,train
2019-12-01,1373654.0,43458.0,763425.0,2180537.0,424634.0,416017.0,0.7980703954007523,0.6863394876217499,0.9874223978069822,0.9794674877229076,396198.0,1565862.0,20475.0,2019,12,4,0,1,0.8144121221229261,0.852436214064934,0.8644632183941728,2143505.0,2047518.0,416459.0,0.8162781649588539,0.8468529006050359,train
2020-01-01,1327234.0,49597.0,737878.0,2114709.0,416541.0,408501.0,0.816828082271278,0.7116748418495624,0.9843878389482333,0.9865329041039594,348776.0,1555315.0,20475.0,2020,1,1,0,1,0.7980703954007523,0.836351977352883,0.843525141560121,2180537.0,2113413.0,424634.0,0.8097701999316521,0.8446281456642989,train
2020-02-01,1237255.0,45124.0,687312.0,1969691.0,382277.0,374612.0,0.8278686306369899,0.7297012427382219,0.9879161144460903,0.9864763629595917,305307.0,1468379.0,20475.0,2020,2,1,0,1,0.816828082271278,0.8144121221229261,0.8422525009629417,2114709.0,1954947.0,416541.0,0.8142557027696734,0.843429489803803,train
2020-03-01,1013021.0,32747.0,486033.0,1531801.0,325833.0,319392.0,0.8427721577463726,0.7633701746026799,0.990945603156708,0.9911839821335781,216801.0,1162096.0,20475.0,2020,3,1,1,1,0.8278686306369899,0.7980703954007523,0.8660931161481321,1969691.0,2167551.0,382277.0,0.8291562902182136,0.8414860766036564,train
2020-04-01,689720.0,19726.0,207129.0,916575.0,257928.0,252680.0,0.904434409727913,0.8727678828419125,0.9974943052391799,0.9961780189224513,78135.0,739471.0,20475.0,2020,4,2,1,1,0.8427721577463726,0.816828082271278,0.8512516777808552,1531801.0,2112165.0,325833.0,0.8583583993704252,0.8459179709325776,train
2020-05-01,924218.0,26479.0,311140.0,1261837.0,312719.0,308798.0,0.9350872425820419,0.9115850471565272,0.9975525976814084,0.9968183153154413,72861.0,1049584.0,20475.0,2020,5,2,1,1,0.904434409727913,0.8278686306369899,0.8663106936105853,916575.0,2172006.0,257928.0,0.8940979366854425,0.8516493500135325,train
2020-06-01,1016132.0,30894.0,363576.0,1410602.0,337709.0,332910.0,0.9277690098945253,0.9002326505642111,0.9942874323511726,0.9964285071699742,90711.0,1165135.0,20475.0,2020,6,2,1,1,0.9350872425820419,0.8427721577463726,0.8636920723462779,1261837.0,2107987.0,312719.0,0.9224302207348267,0.8569890948092197,train
2020-07-01,1120421.0,32759.0,435106.0,1588286.0,363383.0,358671.0,0.9199074620723886,0.8872683210507439,0.9940942028985508,0.9953840957706308,113278.0,1301061.0,20475.0,2020,7,3,1,1,0.9277690098945253,0.904434409727913,0.8649112458819785,1410602.0,2265050.0,337709.0,0.9275879048496519,0.8615721128250873,train
2020-08-01,1179019.0,32231.0,507753.0,1719003.0,370208.0,365503.0,0.8917074531930195,0.8432366078514937,0.9885242896425298,0.993930025072101,166099.0,1367700.0,20475.0,2020,8,3,1,1,0.9199074620723886,0.9350872425820419,0.8629276500280426,1588286.0,2125435.0,363383.0,0.9131279750533112,0.863970429755502,train
2020-09-01,1163948.0,33295.0,496637.0,1693880.0,370595.0,365705.0,0.8729565605006236,0.8163077189908866,0.9897390060779406,0.9928218324642785,192094.0,1319940.0,23505.0,2020,9,3,1,1,0.8917074531930195,0.9277690098945253,0.852436214064934,1719003.0,2123345.0,370208.0,0.8948571585886773,0.8656804586251429,train
2020-10-01,1111958.0,33012.0,454377.0,1599347.0,371959.0,367175.0,0.8442802394821414,0.7758909541002634,0.9881923492382761,0.9940145208154768,221002.0,1198227.0,24467.0,2020,10,4,1,1,0.8729565605006236,0.9199074620723886,0.836351977352883,1693880.0,2170885.0,370595.0,0.8696480843919282,0.8663411471359144,train
2020-11-01,1036350.0,31872.0,416954.0,1485176.0,348677.0,343989.0,0.8384673788427518,0.7682107523752196,0.9859035587736866,0.994435649339152,212753.0,1104337.0,27976.0,2020,11,4,1,1,0.8442802394821414,0.8917074531930195,0.8144121221229261,1599347.0,2143505.0,371959.0,0.8519013929418389,0.8683457518625666,train
2020-12-01,1039474.0,29838.0,405362.0,1474674.0,356505.0,351824.0,0.8028191416552535,0.7204304729041685,0.989247311827957,0.9931506664762577,257854.0,1049849.0,39920.0,2020,12,4,1,1,0.8384673788427518,0.8729565605006236,0.7980703954007523,1485176.0,2180537.0,348677.0,0.8285222533267156,0.8687414807171082,train
2021-01-01,941194.0,25744.0,343868.0,1310806.0,348045.0,343534.0,0.7851247133545389,0.7005346557199925,0.9880423480480197,0.992635744815577,249811.0,912775.0,47245.0,2021,1,1,1,1,0.8028191416552535,0.8442802394821414,0.816828082271278,1474674.0,2114709.0,356505.0,0.8088037446175148,0.8660995333073801,train
2021-02-01,903771.0,27972.0,346348.0,1278091.0,323046.0,318460.0,0.8392178475375865,0.773622404942534,0.9843845682792407,0.9919019829317269,182335.0,951715.0,47970.0,2021,2,1,1,1,0.7851247133545389,0.8384673788427518,0.8278686306369899,1310806.0,1969691.0,348045.0,0.8090539008491263,0.8670453013824297,train
2021-03-01,1161079.0,35656.0,494547.0,1691282.0,382922.0,375926.0,0.8613983182498302,0.8006659034273113,0.9806359983372592,0.9895664881303717,208329.0,1294748.0,68980.0,2021,3,1,1,1,0.8392178475375865,0.8028191416552535,0.8427721577463726,1278091.0,1531801.0,323046.0,0.8285802930473185,0.8685974814243845,train
2021-04-01,1259266.0,35363.0,571603.0,1866232.0,392276.0,385748.0,0.8535662487627448,0.787619934378907,0.9839294429338353,0.9844375024894306,242921.0,1415993.0,78732.0,2021,4,2,1,1,0.8613983182498302,0.7851247133545389,0.904434409727913,1691282.0,916575.0,382922.0,0.851394138183387,0.8643584680106206,train
2021-05-01,1396116.0,38747.0,640679.0,2075542.0,418466.0,411470.0,0.8369499781901333,0.7631459744439247,0.9850694553816108,0.9817965438318503,300908.0,1544587.0,92868.0,2021,5,2,1,1,0.8535662487627448,0.8392178475375865,0.9350872425820419,1866232.0,1261837.0,392276.0,0.8506381817342361,0.8561803626446282,train
2021-06-01,1436111.0,39162.0,681859.0,2157132.0,407919.0,401052.0,0.8129722432875456,0.7315810690577226,0.9809647073678894,0.967187375848205,358838.0,1559797.0,80320.0,2021,6,2,1,1,0.8369499781901333,0.8613983182498302,0.9277690098945253,2075542.0,1410602.0,418466.0,0.8344961567468078,0.8466139654273798,train
2021-07-01,1430733.0,39313.0,690082.0,2160128.0,410568.0,402085.0,0.7772118466249653,0.6764163269739448,0.9735241169532559,0.9654721878921028,428003.0,1493118.0,77791.0,2021,7,3,0,1,0.8129722432875456,0.8535662487627448,0.9199074620723886,2157132.0,1588286.0,407919.0,0.809044689367548,0.8347226641400946,train
2021-08-01,1341757.0,39864.0,654346.0,2035967.0,388791.0,381911.0,0.7701669873537929,0.6617316078510184,0.9757391039317281,0.9697956913419612,416277.0,1394938.0,74342.0,2021,8,3,0,1,0.7772118466249653,0.8369499781901333,0.8917074531930195,2160128.0,1719003.0,410568.0,0.7867836924221012,0.8245942919868257,train
2021-09-01,1392405.0,40503.0,694296.0,2127204.0,385723.0,379118.0,0.7521863188810197,0.6396885676114917,0.9725201880197661,0.954985925278013,468210.0,1421153.0,72035.0,2021,9,3,0,1,0.7701669873537929,0.8129722432875456,0.8729565605006236,2035967.0,1693880.0,388791.0,0.766521717619926,0.814530105185192,train
2021-10-01,1419010.0,39701.0,706091.0,2164802.0,395708.0,389169.0,0.7393421642661584,0.6193521830854877,0.9739439641959414,0.9565790889664396,501642.0,1422881.0,77627.0,2021,10,4,0,1,0.7521863188810197,0.7772118466249653,0.8442802394821414,2127204.0,1599347.0,385723.0,0.7538984901669904,0.80578526558386,train
2021-11-01,1336830.0,39025.0,662100.0,2037955.0,381508.0,374964.0,0.7406114999350124,0.6190077721070847,0.9728264256777812,0.9602974796680404,470980.0,1344752.0,76891.0,2021,11,4,0,1,0.7393421642661584,0.7701669873537929,0.8384673788427518,2164802.0,1485176.0,395708.0,0.7440466610273969,0.7976306090082153,train
2021-12-01,1250568.0,34913.0,589161.0,1874642.0,379964.0,370950.0,0.7343175886842802,0.6122625579255296,0.9719097222222223,0.9660308976424073,443247.0,1225087.0,72068.0,2021,12,4,0,1,0.7406114999350124,0.7521863188810197,0.8028191416552535,2037955.0,1474674.0,381508.0,0.7380904176284836,0.791922146260634,train
2022-01-01,1247417.0,36557.0,591228.0,1875202.0,365492.0,358968.0,0.7434936722832389,0.6230288342375588,0.9690413777084647,0.9707340146539948,427604.0,1239427.0,71945.0,2022,1,1,0,1,0.7343175886842802,0.7393421642661584,0.7851247133545389,1874642.0,1310806.0,379964.0,0.7394742536341772,0.7884528928380257,train
2022-02-01,1205820.0,37970.0,581573.0,1825363.0,341197.0,334835.0,0.732801260516107,0.6087066726411082,0.963946687122447,0.9619895359865182,433787.0,1189675.0,66969.0,2022,2,1,0,1,0.7434936722832389,0.7406114999350124,0.8392178475375865,1875202.0,1278091.0,365492.0,0.7368708404945421,0.7795848439195691,train
2022-03-01,1421526.0,41910.0,711362.0,2174798.0,381548.0,374562.0,0.7162997854340806,0.5867194948048043,0.966501635831958,0.9477000362509537,549773.0,1388093.0,74762.0,2022,3,1,0,1,0.732801260516107,0.7343175886842802,0.8613983182498302,1825363.0,1691282.0,341197.0,0.7308649060778087,0.7674932995182565,train
2022-04-01,1312380.0,37898.0,678518.0,2028796.0,359931.0,352982.0,0.7224834728955487,0.5899043992982225,0.9616521008926072,0.9526140085164422,503748.0,1311452.0,71405.0,2022,4,2,0,1,0.7162997854340806,0.7434936722832389,0.8535662487627448,2174798.0,1866232.0,381548.0,0.7238615062819121,0.7565697348626569,train
2022-05-01,1437421.0,41874.0,753758.0,2233053.0,384787.0,377496.0,0.7283510115206183,0.6005645192656487,0.966627138743012,0.9466462323954747,541689.0,1452388.0,75589.0,2022,5,2,0,1,0.7224834728955487,0.732801260516107,0.8369499781901333,2028796.0,2075542.0,359931.0,0.7223780899500826,0.7475198209735306,train
2022-06-01,1400664.0,40910.0,750117.0,2191691.0,373928.0,366684.0,0.7205881751332113,0.587388322901579,0.9674482917554877,0.9437246654360535,546401.0,1409139.0,73324.0,2022,6,2,0,1,0.7283510115206183,0.7162997854340806,0.8129722432875456,2233053.0,2157132.0,384787.0,0.7238075531831262,0.7398211486273362,train
2022-07-01,1397083.0,39632.0,744940.0,2181655.0,369369.0,362027.0,0.7107813446396124,0.5714603399630294,0.9659678818146475,0.9448372488461672,563450.0,1384730.0,72476.0,2022,7,3,0,1,0.7205881751332113,0.7224834728955487,0.7772118466249653,2191691.0,2160128.0,373928.0,0.7199068437644808,0.7342852734618902,train
2022-08-01,1299083.0,40802.0,655794.0,1995679.0,357088.0,350562.0,0.7168835097825421,0.5804373169902456,0.9649569926728258,0.9592243527602955,503472.0,1274849.0,50985.0,2022,8,3,0,1,0.7107813446396124,0.7283510115206183,0.7701669873537929,2181655.0,2035967.0,369369.0,0.7160843431851219,0.7298449836642859,train
2022-09-01,1301611.0,40188.0,666690.0,2008489.0,360757.0,353779.0,0.7105608011045871,0.5689769208194445,0.9419060434095828,0.959752542823515,518827.0,1273698.0,58095.0,2022,9,3,0,1,0.7168835097825421,0.7205881751332113,0.7521863188810197,1995679.0,2127204.0,357088.0,0.7127418851755806,0.7263761905162497,train
2022-10-01,1399185.0,41440.0,747403.0,2188028.0,374741.0,367028.0,0.6952684152679852,0.547996626377875,0.9548771449746308,0.9428842129283936,595277.0,1358170.0,67341.0,2022,10,4,0,1,0.7105608011045871,0.7107813446396124,0.7393421642661584,2008489.0,2164802.0,360757.0,0.7075709087183716,0.7227033780997353,train
2022-11-01,1395183.0,42644.0,740977.0,2178804.0,376826.0,368997.0,0.690121369066121,0.5450484381243081,0.9626612168245464,0.9341645237841725,602145.0,1341019.0,68603.0,2022,11,4,0,1,0.6952684152679852,0.7168835097825421,0.7406114999350124,2188028.0,2037955.0,374741.0,0.6986501951462311,0.7184958671939944,train
2022-12-01,1437681.0,36592.0,819806.0,2294079.0,385732.0,378202.0,0.652027207027097,0.4963683545421216,0.9656418363067394,0.8976206100248356,711881.0,1333914.0,72845.0,2022,12,4,0,1,0.690121369066121,0.7105608011045871,0.7343175886842802,2178804.0,1874642.0,376826.0,0.679138997120401,0.711638335389229,train
2023-01-01,1243898.0,42076.0,682364.0,1968338.0,371203.0,364353.0,0.7250869765400951,0.5803772871380553,0.9594175354258084,0.9613352705264924,483045.0,1274038.0,70293.0,2023,1,1,0,1,0.652027207027097,0.6952684152679852,0.7434936722832389,2294079.0,1875202.0,385732.0,0.6890785175444377,0.7101044440773004,train
2023-02-01,1206386.0,41717.0,666176.0,1914279.0,346122.0,339726.0,0.7150625021240292,0.5675661832357934,0.9504580929759077,0.9535871953946985,486292.0,1220370.0,66686.0,2023,2,1,0,1,0.7250869765400951,0.690121369066121,0.732801260516107,1968338.0,1825363.0,371203.0,0.6973922285637405,0.7086262142112939,train
2023-03-01,1372403.0,46803.0,746745.0,2165951.0,388367.0,381708.0,0.7153171060633012,0.5682712758639952,0.9650752557171501,0.9549006856902797,550538.0,1383326.0,72730.0,2023,3,1,0,1,0.7150625021240292,0.652027207027097,0.7162997854340806,1914279.0,2174798.0,346122.0,0.7184888615758086,0.708544324263729,train
2023-04-01,1271145.0,42632.0,720263.0,2034040.0,370115.0,363625.0,0.7460757262902781,0.609148115995484,0.9601981741260298,0.9626932116604511,460788.0,1353879.0,71188.0,2023,4,2,0,1,0.7153171060633012,0.7250869765400951,0.7224834728955487,2165951.0,2028796.0,388367.0,0.7254851114925361,0.7105103453799565,validation
2023-05-01,1400815.0,45826.0,799278.0,2245919.0,395088.0,388202.0,0.740079241179036,0.6038802607396869,0.9580996964864448,0.9551374426361197,520293.0,1481444.0,74152.0,2023,5,2,0,1,0.7460757262902781,0.7150625021240292,0.7283510115206183,2034040.0,2233053.0,370115.0,0.7338240245108718,0.7114876978514912,validation
2023-06-01,1389009.0,46196.0,790521.0,2225726.0,387972.0,381815.0,0.7338077553121992,0.6016591685151068,0.9587843103298987,0.9528564073566673,592471.0,1633255.0,69171.0,2023,6,2,0,0,0.740079241179036,0.7153171060633012,0.7205881751332113,2245919.0,2191691.0,395088.0,0.7399875742605043,0.7125893295330736,validation
2023-07-01,1379854.0,45513.0,774420.0,2199787.0,400414.0,391312.0,0.7403053113778744,0.6091079201132873,0.9593742447212884,0.9611967666124326,571273.0,1628514.0,69996.0,2023,7,3,0,0,0.7338077553121992,0.7460757262902781,0.7107813446396124,2225726.0,2181655.0,387972.0,0.7380641026230365,0.7150496600945955,validation
2023-08-01,1323647.0,43923.0,742291.0,2109861.0,389842.0,384233.0,0.7303054561414235,0.5909392761060918,0.9645516016665528,0.9649611809923602,569018.0,1540843.0,67561.0,2023,8,3,0,0,0.7403053113778744,0.740079241179036,0.7168835097825421,2199787.0,1995679.0,400414.0,0.7348061742771658,0.7161681556245023,validation
2023-09-01,1369045.0,42631.0,758370.0,2170046.0,388931.0,383234.0,0.7169861837030183,0.5764536593026526,0.9590908024676879,0.9570724052902937,614153.0,1555893.0,66210.0,2023,9,3,0,0,0.7303054561414235,0.7338077553121992,0.7105608011045871,2109861.0,2008489.0,389842.0,0.7291989837407721,0.7167036041743714,validation
2023-10-01,1413597.0,44769.0,765954.0,2224320.0,407341.0,401524.0,0.7031456804776292,0.5586747849634656,0.9574482342692489,0.9549085193105591,660299.0,1564021.0,71509.0,2023,10,4,0,0,0.7169861837030183,0.7403053113778744,0.6952684152679852,2170046.0,2188028.0,388931.0,0.7168124401073571,0.7173600429418419,validation
2023-11-01,1386008.0,42365.0,739211.0,2167584.0,402526.0,396755.0,0.6981893204600145,0.5537168616631362,0.9554349108934261,0.9543296839468027,654200.0,1513384.0,71834.0,2023,11,4,0,0,0.7031456804776292,0.7303054561414235,0.690121369066121,2224320.0,2178804.0,407341.0,0.7061070615468873,0.7180323722246663,validation
2023-12-01,1384220.0,39282.0,761416.0,2184918.0,412324.0,406833.0,0.6950631556882226,0.546764242678187,0.9600071279466422,0.9509952509534867,666262.0,1518656.0,74960.0,2023,12,4,0,0,0.6981893204600145,0.7169861837030183,0.652027207027097,2167584.0,2294079.0,402526.0,0.6987993855419554,0.72161870127976,validation
2024-01-01,1397975.0,42835.0,790015.0,2230825.0,409168.0,403208.0,0.7036490984277117,0.5543718592964824,0.9594723940702696,0.9539325202686025,661107.0,1569718.0,77625.0,2024,1,1,0,0,0.6950631556882226,0.7031456804776292,0.7250869765400951,2184918.0,1968338.0,412324.0,0.6989671915253163,0.7198322114370614,validation
2024-02-01,1347642.0,43868.0,766312.0,2157822.0,387828.0,382132.0,0.7099241735416545,0.5645572043613957,0.9456779429196681,0.952071741014104,625932.0,1531890.0,74249.0,2024,2,1,0,0,0.7036490984277117,0.6981893204600145,0.7150625021240292,2230825.0,1914279.0,409168.0,0.7028788092191963,0.7194040173885302,validation
2024-03-01,1462878.0,48922.0,858421.0,2370221.0,426154.0,420025.0,0.7434526147561767,0.6089988365400258,0.9604676832508892,0.9602141606507762,608074.0,1762147.0,80518.0,2024,3,1,0,0,0.7099241735416545,0.6950631556882226,0.7153171060633012,2157822.0,2165951.0,387828.0,0.7190086289085144,0.7217486431129365,validation
2024-04-01,1372028.0,51495.0,817145.0,2240668.0,403934.0,398116.0,0.7448595686643448,0.6042682802391788,0.9635304398485289,0.9671392470124641,571685.0,1668983.0,77519.0,2024,4,2,0,0,0.7434526147561767,0.7036490984277117,0.7460757262902781,2370221.0,2034040.0,426154.0,0.7327454523207253,0.7216472966441088,validation
2024-05-01,1472721.0,51246.0,892325.0,2416292.0,420204.0,414156.0,0.7396072163463687,0.5968041468818601,0.9602505561409671,0.9626223629283053,629185.0,1787107.0,85282.0,2024,5,2,0,0,0.7448595686643448,0.7099241735416545,0.740079241179036,2240668.0,2245919.0,403934.0,0.7426397999222968,0.7216079612413865,validation
2024-06-01,1405658.0,49382.0,839025.0,2294065.0,402055.0,396204.0,0.7458851427487887,0.605129412702094,0.9624559556113563,0.9689532493072316,582956.0,1711109.0,78425.0,2024,6,2,0,0,0.7396072163463687,0.7434526147561767,0.7338077553121992,2416292.0,2225726.0,420204.0,0.7434506425865007,0.7226144101944355,validation
2024-07-01,1425569.0,51499.0,847764.0,2324832.0,411782.0,405655.0,0.7521709095538947,0.6135578144586478,0.9645818365405153,0.9723543344610056,576161.0,1748671.0,73502.0,2024,7,3,0,0,0.7458851427487887,0.7448595686643448,0.7403053113778744,2294065.0,2199787.0,402055.0,0.7458877562163506,0.7236032100424373,validation
2024-08-01,1320157.0,48387.0,792247.0,2160791.0,396515.0,390554.0,0.7633348158151344,0.6254240972853986,0.967759935519871,0.9806562852241788,511384.0,1649407.0,74566.0,2024,8,3,0,0,0.7521709095538947,0.7396072163463687,0.7303054561414235,2324832.0,2109861.0,411782.0,0.7537969560392725,0.7263556566819133,validation
2024-09-01,1364482.0,48534.0,801201.0,2214217.0,399406.0,393406.0,0.7421716119061501,0.5979998270405912,0.955227263361767,0.9747965866243302,570888.0,1643329.0,73240.0,2024,9,3,0,0,0.7633348158151344,0.7458851427487887,0.7169861837030183,2160791.0,2170046.0,396515.0,0.7525591124250597,0.7284544423655075,validation
2024-10-01,1453242.0,49717.0,857577.0,2360536.0,422048.0,415893.0,0.7308484174780643,0.580859209959525,0.956091477764145,0.9719605353221926,635342.0,1725194.0,80144.0,2024,10,4,0,0,0.7421716119061501,0.7521709095538947,0.7031456804776292,2214217.0,2224320.0,399406.0,0.7454516150664495,0.7307630037822105,validation
2024-11-01,1428050.0,47263.0,839685.0,2314998.0,414109.0,407955.0,0.7218157423894103,0.5698175834179475,0.9573450690815225,0.9670614575703984,643996.0,1671002.0,80420.0,2024,11,4,0,0,0.7308484174780643,0.7633348158151344,0.6981893204600145,2360536.0,2167584.0,422048.0,0.7316119239245414,0.7327318722763266,validation
2024-12-01,1440311.0,44041.0,861582.0,2345934.0,417067.0,411161.0,0.7112139557208345,0.5533034184978105,0.9646692854385686,0.9622380690404395,677473.0,1668461.0,87482.0,2024,12,4,0,0,0.7218157423894103,0.7421716119061501,0.6950631556882226,2314998.0,2184918.0,414109.0,0.721292705196103,0.7340777722790444,validation
2025-01-01,1359026.0,49486.0,809618.0,2218130.0,406228.0,400481.0,0.7300672187833896,0.5771692373803003,0.9611001091217718,0.9726006585821956,598746.0,1619384.0,84830.0,2025,1,1,0,0,0.7112139557208345,0.7308484174780643,0.7036490984277117,2345934.0,2230825.0,417067.0,0.7210323056312115,0.7362792823086842,validation
2025-02-01,1271336.0,45682.0,771053.0,2088071.0,367578.0,362605.0,0.7346134302904451,0.5835074284060233,0.958824044481415,0.9704780345838743,554146.0,1533925.0,79608.0,2025,2,1,0,0,0.7300672187833896,0.7218157423894103,0.7099241735416545,2218130.0,2157822.0,406228.0,0.7252982015982231,0.7383367203710836,validation
2025-03-01,1450686.0,51237.0,887141.0,2389064.0,410289.0,404354.0,0.7497982473470782,0.6091538761661724,0.9549544274645276,0.9679363257926304,597748.0,1791316.0,89404.0,2025,3,1,0,0,0.7346134302904451,0.7112139557208345,0.7434526147561767,2088071.0,2370221.0,367578.0,0.7381596321403044,0.738865523086992,validation
2025-04-01,1388613.0,49738.0,859070.0,2297421.0,396292.0,390648.0,0.7478381193520909,0.602151211316616,0.9543809562105432,0.9713702026610171,579322.0,1718099.0,87734.0,2025,4,2,0,0,0.7497982473470782,0.7300672187833896,0.7448595686643448,2389064.0,2240668.0,410289.0,0.7440832656632047,0.7391137356443042,test
2025-05-01,1453480.0,50919.0,893130.0,2397529.0,409526.0,403026.0,0.7540238303686838,0.6121013017034979,0.9548891376499932,0.9735368871272939,589735.0,1807794.0,88231.0,2025,5,2,0,0,0.7478381193520909,0.7346134302904451,0.7396072163463687,2297421.0,2416292.0,396292.0,0.7505533990226176,0.7403151201461639,test
2025-06-01,1428563.0,51618.0,871400.0,2351581.0,401880.0,395628.0,0.7555648731640543,0.6171880414094443,0.9604207834476346,0.9702834519164563,574809.0,1776772.0,83415.0,2025,6,2,0,0,0.7540238303686838,0.7497982473470782,0.7458851427487887,2397529.0,2294065.0,409526.0,0.7524756076282763,0.7411217643474358,test
2025-07-01,1469050.0,52989.0,886827.0,2408866.0,419451.0,412893.0,0.7640782011120585,0.6309451686464042,0.9541414255788937,0.973259722583999,568304.0,1840562.0,88492.0,2025,7,3,0,0,0.7555648731640543,0.7478381193520909,0.7521709095538947,2351581.0,2324832.0,401880.0,0.7578889682149322,0.7421140386439496,test
2025-08-01,1383870.0,49084.0,833983.0,2266937.0,400920.0,394548.0,0.7587621535137501,0.6202374500494988,0.9536916306739467,0.9771506133818075,546871.0,1720066.0,84214.0,2025,8,3,0,0,0.7640782011120585,0.7540238303686838,0.7633348158151344,2408866.0,2160791.0,419451.0,0.7594684092632876,0.7417329834521675,test
2025-09-01,1417440.0,50733.0,842049.0,2310222.0,401746.0,395054.0,0.7505040641115875,0.6108025736539113,0.9576015611140678,0.9731892087040065,576391.0,1733831.0,82720.0,2025,9,3,0,0,0.7587621535137501,0.7555648731640543,0.7421716119061501,2266937.0,2214217.0,400920.0,0.7577814729124653,0.7424273544692873,test
2025-10-01,1481222.0,54756.0,861723.0,2397701.0,413710.0,406835.0,0.7414715179248789,0.6012670619258963,0.9470377675505881,0.9694078027393954,619874.0,1777827.0,83524.0,2025,10,4,0,0,0.7505040641115875,0.7640782011120585,0.7308484174780643,2310222.0,2360536.0,401746.0,0.7502459118500721,0.7433126128398552,test
2025-11-01,1448958.0,49725.0,847177.0,2345860.0,396744.0,390459.0,0.742029788648939,0.6031134097744724,0.9502262443438914,0.9674035059969759,605162.0,1740698.0,83934.0,2025,11,4,0,0,0.7414715179248789,0.7587621535137501,0.7218157423894103,2397701.0,2314998.0,413710.0,0.7446684568951351,0.7449971166948158,test
2025-12-01,1438921.0,47522.0,840572.0,2327015.0,405378.0,399046.0,0.738494595006908,0.5964024432196069,0.9570725137830899,0.9693756156521988,608527.0,1718488.0,86690.0,2025,12,4,0,0,0.742029788648939,0.7505040641115875,0.7112139557208345,2345860.0,2345934.0,396744.0,0.7406653005269086,0.7472705033019887,test
2026-01-01,1435727.0,50710.0,833829.0,2320266.0,401942.0,395611.0,0.7246082992208652,0.5734432799550332,0.9510155787813055,0.971122376410511,638982.0,1681284.0,84307.0,2026,1,1,0,0,0.738494595006908,0.7414715179248789,0.7300672187833896,2327015.0,2218130.0,405378.0,0.7350442276255708,0.7468155933384449,test
2026-02-01,1298005.0,48233.0,771212.0,2117450.0,361930.0,355598.0,0.7405530236841484,0.5938105015003794,0.959591980594199,0.9738320980482669,549366.0,1568084.0,73878.0,2026,2,1,0,0,0.7246082992208652,0.742029788648939,0.7346134302904451,2320266.0,2088071.0,401942.0,0.7345519726373072,0.7473105594545868,test
2026-03-01,1478125.0,55393.0,898735.0,2432253.0,410005.0,402356.0,0.7710723349914668,0.6408436363636364,0.9627389742386222,0.9734426722003705,556810.0,1875443.0,80936.0,2026,3,1,0,0,0.7405530236841484,0.738494595006908,0.7497982473470782,2117450.0,2389064.0,361930.0,0.7454112192988268,0.7490834000916192,test
